{"cameraMode":{"drawMode":0,"name":"Shaded","section":"Shading Mode"},"sceneLighting":true,"audioPlay":false,"sceneViewState":{"showFog":true,"showMaterialUpdate":false,"showSkybox":true,"showFlares":true,"showImageEffects":true,"showParticleSystems":true},"in2DMode":false,"pivot":{"x":73.59349822998047,"y":2.7783617973327638,"z":-2.6416680812835695},"rotation":{"x":-0.002220221096649766,"y":0.7540680170059204,"z":0.0020478239748626949,"w":0.6569648385047913},"size":18.186532974243165,"orthographic":false}